0:SBL1	nor0	0	327680	nor	4096	1	bootcode
0:MIBIB	nor0	327680	65536	nor	4096	1	bootcode
0:BOOTCONFIG	nor0	393216	131072	nor	4096	1	bootcode
0:BOOTCONFIG1	nor0	524288	131072	nor	4096	1	bootcode
0:QSEE	nor0	655360	1572864	nor	4096	1	bootcode
0:QSEE_1	nor0	2228224	1572864	nor	4096	1	bootcode
0:DEVCFG	nor0	3801088	65536	nor	4096	1	bootcode
0:DEVCFG_1	nor0	3866624	65536	nor	4096	1	bootcode
0:APDP	nor0	3932160	65536	nor	4096	1	bootcode
mfginfo	nor0	3997696	65536	nor	4096	1	identity
0:RPM	nor0	4063232	262144	nor	4096	1	bootcode
0:RPM_1	nor0	4325376	262144	nor	4096	1	bootcode
0:CDT	nor0	4587520	65536	nor	4096	1	bootcode
0:CDT_1	nor0	4653056	65536	nor	4096	1	bootcode
oldappsblenv	nor0	4718592	65536	nor	4096	1	identity
0:APPSBL	nor0	4784128	655360	nor	4096	1	bootcode
0:APPSBL_1	nor0	5439488	655360	nor	4096	1	bootcode
0:ART	nor0	6094848	262144	nor	4096	1	identity
0:ETHPHYFW	nor0	6356992	524288	nor	4096	1	bootcode
0:APDP_1	nor0	6881280	65536	nor	4096	1	bootcode
0:APPSBLENV	nor0	6946816	65536	nor	4096	1	environment
config	nor0	7012352	65536	nor	4096	1	identity
rootfs	nand0	0	100663296	nand	131072	2048	active-oem
rootfs_1	nand0	100663296	100663296	nand	131072	2048	target
0:NVRAM	nand0	201326592	50331648	nand	131072	2048	identity
crashLog	nand0	251658240	16777216	nand	131072	2048	bootcode
