qcom_nand.0	nand0	0	268435456	nand	131072	2048	container
0:TRAINING	nand0	0	524288	nand	131072	2048	identity
0:LICENSE	nand0	524288	262144	nand	131072	2048	identity
rootfs	nand0	786432	100663296	nand	131072	2048	target
rootfs_1	nand0	101449728	100663296	nand	131072	2048	active-oem
0:NVRAM	nand0	202113024	49545216	nand	131072	2048	bootcode
crashLog	nand0	251658240	16777216	nand	131072	2048	bootcode
spi0.0	nor0	0	8388608	nor	4096	1	container
0:SBL1	nor0	0	524288	nor	4096	1	bootcode
0:SBL1_1	nor0	524288	524288	nor	4096	1	bootcode
0:MIBIB	nor0	1048576	65536	nor	4096	1	bootcode
0:BOOTCONFIG	nor0	1114112	65536	nor	4096	1	bootcode
0:BOOTCONFIG1	nor0	1179648	65536	nor	4096	1	bootcode
0:APPSBL	nor0	1245184	655360	nor	4096	1	bootcode
0:DEVCFG	nor0	1900544	65536	nor	4096	1	bootcode
0:DEVCFG_1	nor0	1966080	65536	nor	4096	1	bootcode
0:TME	nor0	2031616	131072	nor	4096	1	bootcode
0:TME_1	nor0	2162688	131072	nor	4096	1	bootcode
config	nor0	2293760	65536	nor	4096	1	bootcode
0:CDT	nor0	2359296	65536	nor	4096	1	bootcode
0:APPSBLENV	nor0	2424832	65536	nor	4096	1	environment
0:APPSBL_1	nor0	2490368	655360	nor	4096	1	bootcode
0:ART	nor0	3145728	1048576	nor	4096	1	identity
mfginfo	nor0	4194304	65536	nor	4096	1	identity
0:QSEE	nor0	4259840	1507328	nor	4096	1	bootcode
0:QSEE_1	nor0	5767168	1507328	nor	4096	1	bootcode
0:CDT_1	nor0	7274496	65536	nor	4096	1	bootcode
0:EXTRADATA	nor0	7340032	524288	nor	4096	1	bootcode
